first_name,last_name,company_name,address,city,county,state,zip,phone1,phone,email,subject,Email Boby
James,Butt,"Benton, John B Jr",6649 N Blue Gum St,New Orleans,Orleans,LA,70116,504-621-8927,504-845-1427,jbutt@luminate.ai,"When EMVX creation comes the message ""The creation was canceled for hardware reasons"".",I have a nearly unreadable font in my Warehouse Software under Export-File Options for 2 days.Please do contact me at 504-621-8927
Josephine,Darakjy,"Chanay, Jeffrey A Esq",4 B Blue Ridge Blvd,Brighton,Livingston,MI,48116,810-292-9388,810-374-9840,josephine_darakjy@luminate.ai, It falters when processing highly segmented process files.,"On Saturday the version WAREHOUSE Sales firstclass 20 Neo got, after installation it had to be found, that the label of the buttons in the export screen are not readable (eg file format, navigation, compression, font, sorting, etc. the complete caption under File options, Design title page and Design buttons."
Art,Venere,"Chemel, James L Cpa",8 W Cerritos Ave #54,Bridgeport,Gloucester,NJ,8014,856-636-8749,856-264-4130,art@luminate.ai, Cwvemx files falter in Sales firstclass 20,"In export mode, the font in the small preview window in the filemenu is always the same as the font in the header line of the submenu."
Lenna,Paprocki,Feltz Printing Service,639 Main St,Anchorage,Anchorage,AK,99501,907-385-4412,907-921-2010,lpaprocki@luminate.ai," When creating EM / EMVX with Windows 7, it may sometimes be necessary to install an alternative driver for Ethernet card in the device manager.","On my specificationsheet, the text blocks are only displayed as a speech bubble, today I would have had an online presentation of my specification sheet to win a sponsor."
Donette,Foller,Printing Dimensions,34 Center St,Hamilton,Butler,OH,45011,513-570-1893,513-549-4561,donette.foller@luminate.ai, Drivers for the USB Process Manager could not be properly installed,"Since your update come strange bubbles on my sheet to light, but I did not make it!"
Simona,Morasca,"Chapman, Ross E Esq",3 Mcauley Dr,Ashland,Ashland,OH,44805,419-503-2484,419-800-6759,simona@luminate.ai, EM card reader can not be detected via USB port,"on my detailsheet http://www.rhein-main-versand.de since yesterday evening some Calibri texts are replaced by blue speech bubbles (?!), i.a. also the imprint"
Mitsue,Tollner,Morlong Associates,7 Eads St,Chicago,Cook,IL,60632,773-573-6914,773-924-8565,mitsue_tollner@luminate.ai," When opening the program the error message ""the smartcard device ..."" appears.",Unfortunately I can not manage my collections from today. There is nothing more when selecting the corresponding button.
Leota,Dilliard,Commercial Press,7 W Jackson Blvd,San Jose,Santa Clara,CA,95111,408-752-3500,408-813-1105,leota@luminate.ai," When you install the Process Manager driver, you receive the error message ""1133: Unable to finish installation.""","Nevertheless, the online collection opens in a new window, which only reaches half the screen size. D.H., it must be brought to full screen size by hand."
Sage,Wieser,Truhlar And Truhlar Attys,5 Boston Ave #88,Sioux Falls,Minnehaha,SD,57105,605-414-2147,605-794-4895,sage_wieser@luminate.ai," In the profit calculation, the following message appears after entering a period of time: ""Error while parsing the XSL data""","I would like to use the studio version, but I can not exchange the preview images, even though they were deleted in the online organizer - i. E. I have changed the order of the products or deleted products so that the preview always shows the first product, but nothing happens.Reach out me at (541) 754-3010"
Kris,Marrier,"King, Christopher A Esq",228 Runamuck Pl #2808,Baltimore,Baltimore City,MD,21224,410-655-8723,410-804-4694,kris@luminate.ai," The burning stops with the message ""Internal problem"".","Suddenly, data was no longer loaded or only the charging process (circling points) was displayed, texts shifted."
Minna,Amigon,"Dorl, James J Esq",2371 Jerrold Ave,Kulpsville,Montgomery,PA,19443,215-874-1229,215-422-8694,minna_amigon@luminate.ai, Error code -9 when starting the program,At irregular intervals certain products disappear from the article preview.
Abel,Maclead,Rangoni Of Florence,37275 St  Rt 17m M,Middle Island,Suffolk,NY,11953,631-335-3414,631-677-3675,amaclead@luminate.ai, Error 9000 during program installation,"If I want to upload data, statistics or processes under ""Own product range"" and create a new folder, then when I click on the tool, only the selection opens"
Kiley,Caldarera,Feiner Bros,25 E 75th St #69,Los Angeles,Los Angeles,CA,90034,310-498-5651,310-254-3084,kiley.caldarera@luminate.ai, Program does not start. Ends at program interface will be set up.,I no longer have access to the product pallet center. Can not upload any more products.
Graciela,Ruta,Buckley Miller & Wright,98 Connecticut Ave Nw,Chagrin Falls,Geauga,OH,44023,440-780-8425,440-579-7763,gruta@luminate.ai, Error when importing workit PRC files. Type can not be opened.,"If you select the product presentation version in the table presentation, then select Dynamicolisting or Popup when linking, Iso crashes (a script slows Iso 13. Should the script still be executed? ... or something like that). Then it does not matter if you press yes or no, because it comes to the crash: ""The Iso addon crashed"". email me at asergi[at]apple.com"
Cammy,Albares,"Rousseaux, Michael Esq",56 E Morehead St,Laredo,Webb,TX,78045,956-537-6195,956-841-7216,calbares@luminate.ai," Memory request invalid when importing data or processes into WAREHOUSE products in the IT & OFFICE catalog and Salesfirstclass, problem can also occur during encryption or editing.","After your last update, my product specification sheet will show both product representation (moving and enlarging products) and product presentation (data will not be displayed in a new ""Total and Partial View"" window after selection). opened."
Mattie,Poquette,Century Communications,73 State Road 434 E,Phoenix,Maricopa,AZ,85013,602-277-4385,602-953-6360,mattie@luminate.ai, Codec to import this file could not be found.,my maximum activation has been reached
Meaghan,Garufi,"Bolton, Wilbur Esq",69734 E Carrillo St,Mc Minnville,Warren,TN,37110,931-313-9635,931-235-7959,meaghan@luminate.ai," Encryption aborts with the message ""Encrypt failed"".","If you drag in the version 13 data and processes that were read in with the same card reader by mouse into the scheduling view, the process files either do not appear at all or without the order number fields that were imported with the data."
Gladys,Rim,T M Byxbee Company Pc,322 New Horizon Blvd,Milwaukee,Milwaukee,WI,53207,414-661-9598,414-377-2880,gladys.rim@luminate.ai, Order number error when calculating DT5 files from Tiffey Blast Workstation.,"It is possible to load the general data, but not the order numbers created with it, s. o.!"
Yuki,Whobrey,Farmers Insurance Group,1 State Route 27,Taylor,Wayne,MI,48180,313-288-7937,313-341-4470,yuki_whobrey@luminate.ai, The import of process files takes place without order number.,crv import without order number
Fletcher,Flosi,Post Box Services Plus,394 Manchester Blvd,Rockford,Winnebago,IL,61109,815-828-2147,815-426-5657,fletcher.flosi@luminate.ai, No order numbers during card reader transfer / no connection to the hardware,Order number is missing from the files after import.mail me at asergi@yahoo.com
Bette,Nicka,Sport En Art,6 S 33rd St,Aston,Delaware,PA,19014,610-545-3615,610-492-4643,bette_nicka@luminate.ai, Data and order number of a DATA file are not synchronous.,"Under Paymentreader the whole project is watching, only at the dropout no order number anymore."
Veronika,Inouye,C 4 Network Inc,6 Greenleaf Ave,San Jose,Santa Clara,CA,95111,408-540-1785,408-813-4592,vinouye@luminate.ai, Old program should be installed under Windows 7.,The order numbers of the xls file are there the whole time and as soon as the actual procedure is opened all order numbers are gone.
Willard,Kolmetz,"Ingalls, Donald R Esq",618 W Yakima Ave,Irving,Dallas,TX,75062,972-303-9197,972-896-4882,willard@luminate.ai, Errors in the product data memory,"If I then want to pull down the new process (example: Gelsenkirchen-Projekt2.dat) in overview mode with the mouse, to attach it to the first process, I only get the line 1 (data), which is line 2 (order numbers) disappeared."
Maryann,Royster,"Franklin, Peter L Esq",74 S Westgate St,Albany,Albany,NY,12204,518-966-7987,518-448-8982,mroyster@luminate.ai," When installing one of our programs, the error message ""An error occurred while converting your product data store"" appears",Unfortunately I can not import CASH-builds into the DAT-procedure without any problem. The order-number line remains empty (ZD recordings work). Reach out me at calbares@gmail.com
Alisha,Slusarski,Wtlz Power 107 Fm,3273 State St,Middlesex,Middlesex,NJ,8846,732-658-3154,732-635-3453,alisha@luminate.ai, The fonts in the Export interface are not readable or have a different font that does not match the original design,"If I now import a process file in complete EMC format from the USB stick (card reader configuration: Psk / 80MB / 81Seg / 26Bpd / File_Type .crv), I see the order number in the warehouse program, but I do not see any data."
Allene,Iturbide,"Ledecky, David Esq",1 Central Ave,Stevens Point,Portage,WI,54481,715-662-6764,715-530-9863,allene_iturbide@luminate.ai, Temporary display problems with Specssheet Creator or Online Collection,"Under the new version 14, it is not possible to assign a purchase order number to sales objects (""normal"" XLS statistics in the separate order number line o.k. and under version 12 also the process order numbers can be seen)"
Chanel,Caudy,Professional Image Inc,86 Nw 66th St #8673,Shawnee,Johnson,KS,66218,913-388-2079,913-899-1103,chanel.caudy@luminate.ai," The product manager 12 reports that the demo phase has expired or is only running for a few days, although the program should be usable indefinitely.","This basically works, but it comes the process only without order number; So the order number is lost during the operation."
Ezekiel,Chui,"Sider, Donald C Esq",2 Cedar Ave #84,Easton,Talbot,MD,21601,410-669-1642,410-235-8738,ezekiel@luminate.ai, Constant request to enter the registration data.,"However, if I put the display arrow on, there is no article order number."
Willow,Kusko,U Pull It,90991 Thorburn Ave,New York,New York,NY,10011,212-582-4976,212-934-5167,wkusko@luminate.ai, Problem with the installation or activation (problems with the input of the serial number) of the additional programs of XtraGood etc.,"Now, however, when I reopened the project and made minor edits, there are no more order numbers."
Bernardo,Figeroa,"Clark, Richard Cpa",386 9th Ave N,Conroe,Montgomery,TX,77301,936-336-3951,936-597-3614,bfigeroa@luminate.ai, The product is not registered. Error code -4,There is no order number in SFC.Call me at 123-456-7890
Ammie,Corrio,"Moskowitz, Barry S",74874 Atlantic Ave,Columbus,Franklin,OH,43215,614-801-9788,614-648-3265,ammie@luminate.ai, Error code -27 appears when registering,"When copying DATA3 films, the order number line is missing or no order number can be seen."
Francine,Vocelka,Cascade Realty Advisors Inc,366 South Dr,Las Cruces,Dona Ana,NM,88011,505-977-3911,505-335-5293,francine_vocelka@luminate.ai," If the ""DynamicListing"" function is activated in the Specssheetcreator, the message ""Isotool stops responding"" appears","Now, while I can call Warehouse Sales 2008/2009 my process for further processing, but see no order numbers."
Ernie,Stenseth,Knwz Newsradio,45 E Liberty St,Ridgefield Park,Bergen,NJ,7660,201-709-6245,201-387-9093,ernie_stenseth@luminate.ai, DVD player can not play the created DVD.,"after the last update, the order number is not included in a project, here the ""pull over"" of a process file (dat) in overview mode."
Albina,Glick,"Giampetro, Anthony D",4 Ralph Ct,Dunellen,Middlesex,NJ,8812,732-924-7882,732-782-6701,albina@luminate.ai," ""Internal error"" during export or preview of the data sheet.","have since yesterday Sales Firstclass 19 Special Edition installed-registered and then I have imported the sales files from the memory card and when viewing the process, simply no order number comes."
Alishia,Sergi,Milford Enterprises Inc,2742 Distribution Way,New York,New York,NY,10025,212-860-1579,212-753-2740,asergi@luminate.ai, PDF export does not work.,"Then next came ""burning"" after some time came the message ""Troubleshooting"" X problem in class ""wmembank.dll"" (load address: 0x8e 534678) to address 6x8e80fcre Exception Oxc82562 ""ACCESS_FORBIDDEN""."
Solange,Shinko,"Mosocco, Ronald A",426 Wolf St,Metairie,Jefferson,LA,70002,504-979-9175,504-265-8174,solange@luminate.ai," When previewing the page or when exporting the data sheet in Specsmanager, the error message ""insufficient memory"" appears.","During the last burning attempt, however, the following error message came: Problem in class ""wmembank.dll"" (search address: Ox83708447) at address 6x8e80fcre"
Jose,Stockham,Tri State Refueler Co,128 Bransten Rd,New York,New York,NY,10011,212-675-8570,212-569-4233,jose@luminate.ai, There is no burner found.,In all cases there was a crash when creating the disk image file!
Rozella,Ostrosky,Parkway Company,17 Morena Blvd,Camarillo,Ventura,CA,93012,805-832-6163,805-609-1531,rozella.ostrosky@luminate.ai," Various error messages when using the online collection (both when logging in, uploading media, etc.)","I can not move the text input fields when creating the control bar image (in the burn area). Also, I do not see the entered text (whether set to black, 3.30 or 70%)."
Valentine,Gillian,Fbs Business Finance,775 W 17th St,San Antonio,Bexar,TX,78204,210-812-9597,210-300-6244,valentine_gillian@luminate.ai, AutoSortSD functions are out of the visible screen area,"After a couple of times the DVD's are properly burned, the following error message will appear after some time: Problem in class ""wmembank.dll"" (search address: Ox28111570) at address 6x8e80fcre"
Kati,Rulapaugh,Eder Assocs Consltng Engrs Pc,6980 Dorsett Rd,Abilene,Dickinson,KS,67410,785-463-7829,785-219-7724,kati.rulapaugh@luminate.ai, Customers want to install Warehouse programs on the MAC,"I've tried several times to burn my product review on the disc image every time. Problem in class ""wmembank.dll"" (load address: 7X0f4d0124) at address Ox6ffcre Exception 6Xd3382563 ACCESS_FORBIDDEN."
Youlanda,Schemmer,Tri M Tool Inc,2881 Lewis Rd,Prineville,Crook,OR,97754,541-548-8197,541-993-2611,youlanda@luminate.ai, Start pointer always shows from the beginning,"I get after 8 hours of encryption an error message regarding ""wmembank.dll"" and must end the program."
Dyan,Oldroyd,International Eyelets Inc,7219 Woodfield Rd,Overland Park,Johnson,KS,66204,913-413-4604,913-645-8918,doldroyd@luminate.ai, Drivers for the USB Process Manager could not be properly installed,- When burning a product preview with products in the IT & OFFICE catalog 12 & 13 The error message appears at step 7 of 9 - Disc Copy is generated. Call me at +1 (123) 456-7890
Roxane,Campain,Rapid Trading Intl,1048 Main St,Fairbanks,Fairbanks North Star,AK,99708,907-231-4722,907-335-6568,roxane@luminate.ai, EM card reader can not be detected via USB port,"When burning again, the error message is always: wmem reports disc project build exception: 118764f4"
Lavera,Perin,Abc Enterprises Inc,678 3rd Ave,Miami,Miami-Dade,FL,33196,305-606-7291,305-995-2078,lperin@luminate.ai," When opening the program the error message ""the smartcard device ..."" appears.",When burning the program reports the following error message when encrypting. wmem reports disk project puild exception 411451v4
Erick,Ferencz,Cindy Turner Associates,20 S Babcock St,Fairbanks,Fairbanks North Star,AK,99712,907-741-1044,907-227-6777,erick.ferencz@luminate.ai," When you install the Process Manager driver, you receive the error message ""1133: Unable to finish installation.""",!!! MBK exception in CopyWorkspace: 13 - process failed !!!
Fatima,Saylors,"Stanton, James D Esq",2 Lighthouse Ave,Hopkins,Hennepin,MN,55343,952-768-2416,952-479-2375,fsaylors@luminate.ai," In the profit calculation, the following message appears after entering a period of time: ""Error while parsing the XSL data""",Burning aborted with the following error: Encrypt failed.email me at asergi@gmail.com
Jina,Briddick,Grace Pastries Inc,38938 Park Blvd,Boston,Suffolk,MA,2128,617-399-5124,617-997-5771,jina_briddick@luminate.ai," The burning stops with the message ""Internal problem"".",Burning aborted with the following error: Encrypt failed.
Kanisha,Waycott,"Schroer, Gene E Esq",5 Tomahawk Dr,Los Angeles,Los Angeles,CA,90006,323-453-2780,323-315-7314,kanisha_waycott@luminate.ai, Error code -9 when starting the program,The burning was aborted with the following error: Encrypt failed.
Emerson,Bowley,Knights Inn,762 S Main St,Madison,Dane,WI,53711,608-336-7444,608-658-7940,emerson.bowley@luminate.ai, Error 9000 during program installation,I tried my product review with 330 files to burn. An error message appeared: wmem reports disc project build exception 86661f3 failed to encrypt the process.
